Kì thi/khối		Khối 10		Khối 11		Khối 12	
		VL	CN	VL	CN	VL	CN
GK1	Đề	C Hiền	T Nghĩa	T Lộc	T Nghĩa	C Bình	T Nghĩa
	Đề	C Lài		C Thư		T Phúc	
	P.Biện	T Phúc	C Hiền	C Na	C Lài	C Quí	T Lộc
CK1	Đề	C Hiền	T Nghĩa	C Lài	T Nghĩa	C Lan	T Nghĩa
	Đề	C Tú		C Bình		C Quí	
	P.Biện	C Như	C Tú	C Thư	C Lan	C Lài	C Bình
GK2	Đề	C Tú	T Nghĩa	C Na	T Nghĩa	C Lan	T Nghĩa
	Đề	C Như		C Thư		C Lài	
	P.Biện	T Lộc	C Như	C Hiền	C Thư	C Quí	T Phúc
CK2	Đề	C Na	T Nghĩa	T Lộc	T Nghĩa	T Phúc	T Nghĩa
	Đề	C Như		C Quí		C Hiền	
	P.Biện	C Tú	C Quí	C Bình	C Na	C Lan	C Quí